Protein,Gene ID,Knockout growth rate,Expression level,Expression breadth,Interaction degree,Betweeness centrality,References (PMIDs),Domain,Amino acids,dN/dS,Reactions,Dynamical influence
Cdc14,YFR028C,0,1,,8,4.30709E-05,"12853468, 11274204",phosphatase,1-331,0.01514,"v13, v15, v16, v25, v5",0.244197328
Cdc15,YAR019C,0,0.2,,7,0.001243225,"15640837, 9482731, 11290702",Tem binding,280-363,0.15696,"v25, v26, v30",0.157698048
Cdc15,YAR019C,0,0.2,,7,0.001243225,"15640837, 9482731, 11290702",kinase,26-274,0.01649,v13,0.433323971
Cdc20,YGL116W,0,0.6,,8,0.000209348,"12152084,  9461437, 10632713",APC binding,"1-268, 576-609",0.06292,v4,0.528137687
Cdc20,YGL116W,0,0.6,,8,0.000209348,"12152084,  9461437, 10632713",WD40,268-576,0.02103,"securinseparase_securindegradation, v2, v8",1.710509254
Cdc5,YMR001C,0,0.9,,7,0.000319482,"15640837, 9482731",D-box,1-92,0.03371,"v19, v22",0.744509066
Cdc5,YMR001C,0,0.9,,7,0.000319482,"15640837, 9482731",kinase,92-348,0.0098,"v20, v21, v23",0.598875297
Cdc55,YGL190C,0,0.6,,10,0.000413649,16713564,WD40,"23-65, 83-125, 183-222, 232-273, 291-330, 346-388, 500-531",0.0077,"v13, v14, v17, v24, v29",0.594673964
Cdh1,YGL003C,0.87999,0.3,,4,3.81153E-05,"15916961, 12152084, 10074450, 21307936",APC binding,"1-289, 584-597",0.04393,"v5, v6",2.074562315
Cdh1,YGL003C,0.87999,0.3,,4,3.81153E-05,"15916961, 12152084, 10074450, 21307936",WD40,289-584,0.01628,"v19, v2, v22, v4",1.224028891
Clb2,YPR119W,0.97962,1.1,,16,0.001048239,"11719221, 12413490, 12152084, 21307936",N-terminal,1-66,0.05948,v2,2.986087021
Clb2,YPR119W,0.97962,1.1,,16,0.001048239,"11719221, 12413490, 12152084, 21307936",cyclin,226-478,0.00693,"v13, v14, v17, v20, v30, v6",0.590813769
Esp1,YGR098C,0,0.6,,2,8.08224E-06,"15880121, 11081625, 12123570",n-terminal,1-1204,0.13394,v11,0.079616273
Esp1,YGR098C,0,0.6,,2,8.08224E-06,"15880121, 11081625, 12123570",separase,1204-1636,0.06193,,
Net1,YJL076W,0,0.4,,10,0.000678886,15273393,Cdc14 binding,1-360,0.067,"v13, v14, v15, v16, v17",0.220606552
Pds1,YDR113C,0,0.3,,4,0.000136913,"12123570, 15880121, 16483313, 11553328",WD40 binding,2-182,0.08447,"securinseparase_securindegradation, v8",0.741583196
Pds1,YDR113C,0,0.3,,4,0.000136913,"12123570, 15880121, 16483313, 11553328",separase binding,182-404,0.21132,v11,0.079616273
Tem1,YML064C,0,0.7,,74,0.009721141,"15640837, 9482731",GTP-ase,55-284,0.0318,"v23, v24, v29",1.189238793
